"0","shinyApp("
"0","  "
"0","  ui = fluidPage("
"0","    selectInput(""region"", ""Region:"", "
"0","                choices = colnames(WorldPhones)),"
"0","    plotOutput(""phonePlot"")"
"0","  ),"
"0","  "
"0","  server = function(input, output) {"
"0","    output$phonePlot <- renderPlot({"
"0","      barplot(WorldPhones[,input$region]*1000, "
"0","              ylab = ""Number of Telephones"", xlab = ""Year"")"
"0","    })"
"0","  },"
"0","  "
"0","  options = list(height = 500)"
"0",")"
"2","
Listening on http://127.0.0.1:4319
"
"2","
"
