{"chunk_definitions":[{"chunk_id":"csetup_chunk","chunk_label":"setup","document_id":"6E6F622","expansion_state":0,"options":{"engine":"r","include":false,"label":"setup","warning":false},"row":15,"row_count":1,"visible":true},{"chunk_id":"cb0goj7bchh29","chunk_label":"unnamed-chunk-1","document_id":"6E6F622","expansion_state":0,"options":{"engine":"r","eval":false,"label":"unnamed-chunk-3"},"row":48,"row_count":1,"visible":true},{"chunk_id":"csbywv68k3fk9","chunk_label":"unnamed-chunk-7","document_id":"6E6F622","expansion_state":0,"options":{"engine":"r","label":"unnamed-chunk-7"},"row":187,"row_count":1,"visible":true},{"chunk_id":"cad2ie8tbrmei","chunk_label":"unnamed-chunk-18","document_id":"6E6F622","expansion_state":0,"options":{"engine":"r","eval":true,"label":"unnamed-chunk-10"},"row":612,"row_count":1,"visible":true}],"chunk_rendered_width":700,"default_chunk_options":{"echo":true,"error":false,"eval":false},"doc_write_time":1491502803,"working_dir":null}